"Cluster","CusChoice","ConstUp","ReplacReminder","ProInsuCov","ProdReturn"
1,3.89563106796116,3.64563106796116,3.1747572815534,2.79611650485437,3.10436893203884
2,5.70238095238095,6.08333333333333,3.78571428571429,5.21428571428571,2.4702380952381
3,5.06428571428571,4.2047619047619,5.76904761904762,4.31428571428571,5.04761904761905
